<annotation>
	<folder>JPEGImages</folder>
	<filename>bus.030.jpg</filename>
	<path>/home/adnan/Downloads/Deformable-ConvNets/data/VOCdevkit/VOC2007/JPEGImages/bus.030.jpg</path>
	<source>
		<database>Unknown</database>
	</source>
	<size>
		<width>64</width>
		<height>64</height>
		<depth>3</depth>
	</size>
	<segmented>0</segmented>
	<object>
		<name>bus</name>
		<pose>Unspecified</pose>
		<truncated>0</truncated>
		<difficult>0</difficult>
		<bndbox>
			<xmin>15</xmin>
			<ymin>2</ymin>
			<xmax>54</xmax>
			<ymax>63</ymax>
		</bndbox>
	</object>
</annotation>
