<annotation>
	<folder>JPEGImages</folder>
	<filename>mpv.027.jpg</filename>
	<path>/home/adnan/Downloads/Deformable-ConvNets/data/VOCdevkit/VOC2007/JPEGImages/mpv.027.jpg</path>
	<source>
		<database>Unknown</database>
	</source>
	<size>
		<width>64</width>
		<height>64</height>
		<depth>3</depth>
	</size>
	<segmented>0</segmented>
	<object>
		<name>mpv</name>
		<pose>Unspecified</pose>
		<truncated>0</truncated>
		<difficult>0</difficult>
		<bndbox>
			<xmin>8</xmin>
			<ymin>3</ymin>
			<xmax>59</xmax>
			<ymax>60</ymax>
		</bndbox>
	</object>
</annotation>
