<annotation>
	<folder>JPEGImages</folder>
	<filename>taxi.023.jpg</filename>
	<path>/home/adnan/Downloads/Deformable-ConvNets/data/VOCdevkit/VOC2007/JPEGImages/taxi.023.jpg</path>
	<source>
		<database>Unknown</database>
	</source>
	<size>
		<width>64</width>
		<height>64</height>
		<depth>3</depth>
	</size>
	<segmented>0</segmented>
	<object>
		<name>taxi</name>
		<pose>Unspecified</pose>
		<truncated>0</truncated>
		<difficult>0</difficult>
		<bndbox>
			<xmin>4</xmin>
			<ymin>4</ymin>
			<xmax>59</xmax>
			<ymax>59</ymax>
		</bndbox>
	</object>
</annotation>
