<annotation>
	<folder>JPEGImages</folder>
	<filename>taxi.029.jpg</filename>
	<path>/home/adnan/Downloads/Deformable-ConvNets/data/VOCdevkit/VOC2007/JPEGImages/taxi.029.jpg</path>
	<source>
		<database>Unknown</database>
	</source>
	<size>
		<width>64</width>
		<height>64</height>
		<depth>3</depth>
	</size>
	<segmented>0</segmented>
	<object>
		<name>taxi</name>
		<pose>Unspecified</pose>
		<truncated>0</truncated>
		<difficult>0</difficult>
		<bndbox>
			<xmin>10</xmin>
			<ymin>5</ymin>
			<xmax>58</xmax>
			<ymax>58</ymax>
		</bndbox>
	</object>
</annotation>
