<annotation>
	<folder>JPEGImages</folder>
	<filename>120.jpg</filename>
	<path>/home/adnan/Downloads/klasifikasi_jenis_mobil/data/VOC2007/JPEGImages/120.jpg</path>
	<source>
		<database>Unknown</database>
	</source>
	<size>
		<width>1280</width>
		<height>720</height>
		<depth>3</depth>
	</size>
	<segmented>0</segmented>
	<object>
		<name>mpv</name>
		<pose>Unspecified</pose>
		<truncated>0</truncated>
		<difficult>0</difficult>
		<bndbox>
			<xmin>599</xmin>
			<ymin>329</ymin>
			<xmax>706</xmax>
			<ymax>483</ymax>
		</bndbox>
	</object>
	<object>
		<name>mini</name>
		<pose>Unspecified</pose>
		<truncated>0</truncated>
		<difficult>0</difficult>
		<bndbox>
			<xmin>404</xmin>
			<ymin>310</ymin>
			<xmax>506</xmax>
			<ymax>413</ymax>
		</bndbox>
	</object>
</annotation>
