<annotation>
	<folder>JPEGImages</folder>
	<filename>67.jpg</filename>
	<path>/home/adnan/Downloads/klasifikasi_jenis_mobil/data/VOC2007/JPEGImages/67.jpg</path>
	<source>
		<database>Unknown</database>
	</source>
	<size>
		<width>1280</width>
		<height>720</height>
		<depth>3</depth>
	</size>
	<segmented>0</segmented>
	<object>
		<name>bus</name>
		<pose>Unspecified</pose>
		<truncated>0</truncated>
		<difficult>0</difficult>
		<bndbox>
			<xmin>473</xmin>
			<ymin>312</ymin>
			<xmax>672</xmax>
			<ymax>621</ymax>
		</bndbox>
	</object>
	<object>
		<name>travel</name>
		<pose>Unspecified</pose>
		<truncated>0</truncated>
		<difficult>0</difficult>
		<bndbox>
			<xmin>409</xmin>
			<ymin>284</ymin>
			<xmax>509</xmax>
			<ymax>401</ymax>
		</bndbox>
	</object>
</annotation>
