<annotation>
	<folder>JPEGImages</folder>
	<filename>75.jpg</filename>
	<path>/home/adnan/Downloads/klasifikasi_jenis_mobil/data/VOC2007/JPEGImages/75.jpg</path>
	<source>
		<database>Unknown</database>
	</source>
	<size>
		<width>1280</width>
		<height>720</height>
		<depth>3</depth>
	</size>
	<segmented>0</segmented>
	<object>
		<name>travel</name>
		<pose>Unspecified</pose>
		<truncated>0</truncated>
		<difficult>0</difficult>
		<bndbox>
			<xmin>343</xmin>
			<ymin>346</ymin>
			<xmax>461</xmax>
			<ymax>483</ymax>
		</bndbox>
	</object>
	<object>
		<name>sedan</name>
		<pose>Unspecified</pose>
		<truncated>0</truncated>
		<difficult>0</difficult>
		<bndbox>
			<xmin>445</xmin>
			<ymin>262</ymin>
			<xmax>550</xmax>
			<ymax>349</ymax>
		</bndbox>
	</object>
</annotation>
