<annotation>
	<folder>JPEGImages</folder>
	<filename>80.jpg</filename>
	<path>/home/adnan/Downloads/klasifikasi_jenis_mobil/data/VOC2007/JPEGImages/80.jpg</path>
	<source>
		<database>Unknown</database>
	</source>
	<size>
		<width>1280</width>
		<height>720</height>
		<depth>3</depth>
	</size>
	<segmented>0</segmented>
	<object>
		<name>travel</name>
		<pose>Unspecified</pose>
		<truncated>0</truncated>
		<difficult>0</difficult>
		<bndbox>
			<xmin>283</xmin>
			<ymin>395</ymin>
			<xmax>431</xmax>
			<ymax>568</ymax>
		</bndbox>
	</object>
	<object>
		<name>sedan</name>
		<pose>Unspecified</pose>
		<truncated>0</truncated>
		<difficult>0</difficult>
		<bndbox>
			<xmin>418</xmin>
			<ymin>287</ymin>
			<xmax>525</xmax>
			<ymax>386</ymax>
		</bndbox>
	</object>
</annotation>
