<annotation>
	<folder>JPEGImages</folder>
	<filename>83.jpg</filename>
	<path>/home/adnan/Downloads/klasifikasi_jenis_mobil/data/VOC2007/JPEGImages/83.jpg</path>
	<source>
		<database>Unknown</database>
	</source>
	<size>
		<width>1280</width>
		<height>720</height>
		<depth>3</depth>
	</size>
	<segmented>0</segmented>
	<object>
		<name>travel</name>
		<pose>Unspecified</pose>
		<truncated>0</truncated>
		<difficult>0</difficult>
		<bndbox>
			<xmin>237</xmin>
			<ymin>416</ymin>
			<xmax>410</xmax>
			<ymax>628</ymax>
		</bndbox>
	</object>
	<object>
		<name>sedan</name>
		<pose>Unspecified</pose>
		<truncated>0</truncated>
		<difficult>0</difficult>
		<bndbox>
			<xmin>384</xmin>
			<ymin>302</ymin>
			<xmax>521</xmax>
			<ymax>415</ymax>
		</bndbox>
	</object>
</annotation>
