<annotation>
	<folder>JPEGImages</folder>
	<filename>94.jpg</filename>
	<path>/home/adnan/Downloads/klasifikasi_jenis_mobil/data/VOC2007/JPEGImages/94.jpg</path>
	<source>
		<database>Unknown</database>
	</source>
	<size>
		<width>1280</width>
		<height>720</height>
		<depth>3</depth>
	</size>
	<segmented>0</segmented>
	<object>
		<name>sedan</name>
		<pose>Unspecified</pose>
		<truncated>0</truncated>
		<difficult>0</difficult>
		<bndbox>
			<xmin>291</xmin>
			<ymin>401</ymin>
			<xmax>459</xmax>
			<ymax>557</ymax>
		</bndbox>
	</object>
	<object>
		<name>mpv</name>
		<pose>Unspecified</pose>
		<truncated>0</truncated>
		<difficult>0</difficult>
		<bndbox>
			<xmin>551</xmin>
			<ymin>327</ymin>
			<xmax>646</xmax>
			<ymax>472</ymax>
		</bndbox>
	</object>
</annotation>
