<annotation>
	<folder>JPEGImages</folder>
	<filename>38.jpg</filename>
	<path>/home/adnan/Downloads/klasifikasi_jenis_mobil/data/VOC2007/JPEGImages/38.jpg</path>
	<source>
		<database>Unknown</database>
	</source>
	<size>
		<width>1280</width>
		<height>720</height>
		<depth>3</depth>
	</size>
	<segmented>0</segmented>
	<object>
		<name>taxi</name>
		<pose>Unspecified</pose>
		<truncated>0</truncated>
		<difficult>0</difficult>
		<bndbox>
			<xmin>522</xmin>
			<ymin>336</ymin>
			<xmax>622</xmax>
			<ymax>446</ymax>
		</bndbox>
	</object>
	<object>
		<name>mpv</name>
		<pose>Unspecified</pose>
		<truncated>0</truncated>
		<difficult>0</difficult>
		<bndbox>
			<xmin>419</xmin>
			<ymin>271</ymin>
			<xmax>522</xmax>
			<ymax>380</ymax>
		</bndbox>
	</object>
	<object>
		<name>mpv</name>
		<pose>Unspecified</pose>
		<truncated>0</truncated>
		<difficult>0</difficult>
		<bndbox>
			<xmin>769</xmin>
			<ymin>307</ymin>
			<xmax>877</xmax>
			<ymax>421</ymax>
		</bndbox>
	</object>
	<object>
		<name>bus</name>
		<pose>Unspecified</pose>
		<truncated>0</truncated>
		<difficult>0</difficult>
		<bndbox>
			<xmin>568</xmin>
			<ymin>189</ymin>
			<xmax>671</xmax>
			<ymax>318</ymax>
		</bndbox>
	</object>
</annotation>
