<annotation>
	<folder>JPEGImages</folder>
	<filename>4.jpg</filename>
	<path>/home/adnan/Downloads/klasifikasi_jenis_mobil/data/VOC2007/JPEGImages/4.jpg</path>
	<source>
		<database>Unknown</database>
	</source>
	<size>
		<width>1280</width>
		<height>720</height>
		<depth>3</depth>
	</size>
	<segmented>0</segmented>
	<object>
		<name>truk</name>
		<pose>Unspecified</pose>
		<truncated>0</truncated>
		<difficult>0</difficult>
		<bndbox>
			<xmin>672</xmin>
			<ymin>299</ymin>
			<xmax>836</xmax>
			<ymax>554</ymax>
		</bndbox>
	</object>
	<object>
		<name>mpv</name>
		<pose>Unspecified</pose>
		<truncated>0</truncated>
		<difficult>0</difficult>
		<bndbox>
			<xmin>477</xmin>
			<ymin>380</ymin>
			<xmax>624</xmax>
			<ymax>562</ymax>
		</bndbox>
	</object>
	<object>
		<name>mpv</name>
		<pose>Unspecified</pose>
		<truncated>0</truncated>
		<difficult>0</difficult>
		<bndbox>
			<xmin>464</xmin>
			<ymin>241</ymin>
			<xmax>542</xmax>
			<ymax>330</ymax>
		</bndbox>
	</object>
</annotation>
