<annotation>
	<folder>JPEGImages</folder>
	<filename>51.jpg</filename>
	<path>/home/adnan/Downloads/klasifikasi_jenis_mobil/data/VOC2007/JPEGImages/51.jpg</path>
	<source>
		<database>Unknown</database>
	</source>
	<size>
		<width>1280</width>
		<height>720</height>
		<depth>3</depth>
	</size>
	<segmented>0</segmented>
	<object>
		<name>bus</name>
		<pose>Unspecified</pose>
		<truncated>0</truncated>
		<difficult>0</difficult>
		<bndbox>
			<xmin>550</xmin>
			<ymin>225</ymin>
			<xmax>674</xmax>
			<ymax>409</ymax>
		</bndbox>
	</object>
	<object>
		<name>mpv</name>
		<pose>Unspecified</pose>
		<truncated>0</truncated>
		<difficult>0</difficult>
		<bndbox>
			<xmin>318</xmin>
			<ymin>356</ymin>
			<xmax>462</xmax>
			<ymax>521</ymax>
		</bndbox>
	</object>
	<object>
		<name>mpv</name>
		<pose>Unspecified</pose>
		<truncated>0</truncated>
		<difficult>0</difficult>
		<bndbox>
			<xmin>821</xmin>
			<ymin>399</ymin>
			<xmax>974</xmax>
			<ymax>569</ymax>
		</bndbox>
	</object>
</annotation>
